phase,duration_s,dominant_mode,EV,ECO,NORMAL,PWR
cold_idle,15,EV,1.0,0.0,0.0,0.0
urban,233,EV,0.5965665236051502,0.034334763948497854,0.36909871244635195,0.0
congestion,140,EV,0.7,0.0,0.2714285714285714,0.02857142857142857
rural,204,ECO,0.37745098039215685,0.6225490196078431,0.0,0.0
mountain_up,135,ECO,0.06666666666666667,0.9333333333333333,0.0,0.0
mountain_down,146,ECO,0.2671232876712329,0.6917808219178082,0.0410958904109589,0.0
motorway,239,ECO,0.08368200836820083,0.9163179916317992,0.0,0.0
motorway_traffic,171,ECO,0.0,0.9707602339181286,0.029239766081871343,0.0
slowdown,44,NORMAL,0.0,0.2727272727272727,0.7272727272727273,0.0
