cycle,contender,distance_km,total_fuel_g,fuel_g_per_km,fuel_l_per_100km,fuel_mpg,co2_g,co2_g_per_km,fuel_energy_kwh,elec_storage_kwh,total_energy_kwh,total_energy_mj,energy_wh_per_km,soc_final_pct,soc_rmse,soc_min_pct,soc_max_pct,soc_mean_pct,episode_steps,batt_throughput_ah,batt_equiv_full_cycles,batt_temp_avg_c,batt_temp_accel,batt_soc_swing_pct,batt_dod_accel,batt_fade_per_cycle_pct,batt_fade_per_10000km_pct,batt_life_cycles,batt_life_km,batt_life_years
GENERAL,EV,23.939,28.26,1.1807,0.16,1474.21,87.34,3.648,0.3407,-0.0153,0.3255,1.172,13.6,61.17,6.5295,48.77,61.17,54.27,1327,28.3145,2.17804,52.48,2.3748,12.4,1.24,0.00641,2.6788,3118.8,74659.0,4.98
GENERAL,ECO,23.939,62.82,2.6243,0.355,663.26,194.12,8.109,0.7574,-0.2621,0.4953,1.783,20.69,80.0,11.0871,59.88,80.0,69.54,1327,22.0444,1.69572,44.98,1.4118,20.12,2.012,0.00482,2.0122,4151.9,99392.0,6.63
GENERAL,NORMAL,23.939,60.14,2.5124,0.34,692.79,185.85,7.763,0.7251,-0.2472,0.4779,1.721,19.96,78.86,8.6073,59.82,78.86,66.98,1327,24.4855,1.8835,47.8,1.7172,19.04,1.904,0.00616,2.5721,3248.2,77757.0,5.18
GENERAL,PWR,23.939,52.22,2.1816,0.295,797.85,161.37,6.741,0.6296,-0.1868,0.4428,1.594,18.5,74.25,5.3387,59.06,74.25,63.45,1327,26.1325,2.01019,50.25,2.0353,15.19,1.519,0.00621,2.5961,3218.1,77038.0,5.14
GENERAL,Agent,23.939,26.99,1.1273,0.152,1544.03,83.39,3.483,0.3253,-0.0304,0.295,1.062,12.32,62.32,5.7105,50.08,62.32,55.09,1327,26.8548,2.06576,52.09,2.312,12.24,1.224,0.00585,2.4423,3420.9,81892.0,5.46
