{
  "source": "tomtom+opentopography",
  "origin": {
    "address": "Cannes",
    "latlon": [
      43.5509021,
      7.0105361
    ]
  },
  "destination": {
    "address": "Nice",
    "latlon": [
      43.7034273,
      7.2662656
    ]
  },
  "length_m": 35625.0,
  "travel_time_s": 2541.0,
  "traffic_delay_s": 0.0,
  "segment_counts": {
    "urban": 16,
    "suburban": 0,
    "highway": 20
  },
  "waypoints": [
    [
      43.5509,
      7.01054
    ],
    [
      43.5538937352726,
      7.006106264727396
    ],
    [
      43.5538937352726,
      7.006106264727396
    ],
    [
      43.56113958965422,
      7.00116628566902
    ],
    [
      43.56113958965422,
      7.00116628566902
    ],
    [
      43.56812387196778,
      6.996226779135576
    ],
    [
      43.56812387196778,
      6.996226779135576
    ],
    [
      43.576293981288416,
      6.998069467254725
    ],
    [
      43.576293981288416,
      6.998069467254725
    ],
    [
      43.57992970935711,
      7.004819102798034
    ],
    [
      43.57992970935711,
      7.004819102798034
    ],
    [
      43.58541874375157,
      7.007281727341597
    ],
    [
      43.58541874375157,
      7.007281727341597
    ],
    [
      43.58151285791675,
      7.016642874168498
    ],
    [
      43.58151285791675,
      7.016642874168498
    ],
    [
      43.585278053614275,
      7.027735100458482
    ],
    [
      43.585278053614275,
      7.027735100458482
    ],
    [
      43.59141431425237,
      7.036437007524777
    ],
    [
      43.59141431425237,
      7.036437007524777
    ],
    [
      43.595262272654416,
      7.047159275310918
    ],
    [
      43.595262272654416,
      7.047159275310918
    ],
    [
      43.60075702218611,
      7.056636172145478
    ],
    [
      43.60075702218611,
      7.056636172145478
    ],
    [
      43.60413177329445,
      7.067707642683042
    ],
    [
      43.60413177329445,
      7.067707642683042
    ],
    [
      43.60259005289902,
      7.079586643945992
    ],
    [
      43.60259005289902,
      7.079586643945992
    ],
    [
      43.60552530995587,
      7.091047681902923
    ],
    [
      43.60552530995587,
      7.091047681902923
    ],
    [
      43.61008781576196,
      7.101565704779104
    ],
    [
      43.61008781576196,
      7.101565704779104
    ],
    [
      43.61359057883058,
      7.112625134715141
    ],
    [
      43.61359057883058,
      7.112625134715141
    ],
    [
      43.62179912252812,
      7.1162514212372185
    ],
    [
      43.62179912252812,
      7.1162514212372185
    ],
    [
      43.63045570340557,
      7.117829782706771
    ],
    [
      43.63045570340557,
      7.117829782706771
    ],
    [
      43.63568560095641,
      7.127350151484761
    ],
    [
      43.63568560095641,
      7.127350151484761
    ],
    [
      43.64323633341633,
      7.133471696408813
    ],
    [
      43.64323633341633,
      7.133471696408813
    ],
    [
      43.649897875763045,
      7.141596714272917
    ],
    [
      43.649897875763045,
      7.141596714272917
    ],
    [
      43.657499981924346,
      7.1477985051291455
    ],
    [
      43.657499981924346,
      7.1477985051291455
    ],
    [
      43.6604900228544,
      7.158354743704268
    ],
    [
      43.6604900228544,
      7.158354743704268
    ],
    [
      43.66197824062209,
      7.1699982473313915
    ],
    [
      43.66197824062209,
      7.1699982473313915
    ],
    [
      43.6644101473783,
      7.181755773736055
    ],
    [
      43.6644101473783,
      7.181755773736055
    ],
    [
      43.6669449830915,
      7.193499932366
    ],
    [
      43.6669449830915,
      7.193499932366
    ],
    [
      43.66818237841334,
      7.204201682016467
    ],
    [
      43.66818237841334,
      7.204201682016467
    ],
    [
      43.668335490340006,
      7.210981307573351
    ],
    [
      43.668335490340006,
      7.210981307573351
    ],
    [
      43.67301947157755,
      7.221299295436732
    ],
    [
      43.67301947157755,
      7.221299295436732
    ],
    [
      43.680343496982154,
      7.228080245473224
    ],
    [
      43.680343496982154,
      7.228080245473224
    ],
    [
      43.686849022119304,
      7.23635962260139
    ],
    [
      43.686849022119304,
      7.23635962260139
    ],
    [
      43.693289639375955,
      7.2448305591460365
    ],
    [
      43.693289639375955,
      7.2448305591460365
    ],
    [
      43.70035604832928,
      7.251760029744391
    ],
    [
      43.70035604832928,
      7.251760029744391
    ],
    [
      43.70549393595014,
      7.261575637050781
    ],
    [
      43.70549393595014,
      7.261575637050781
    ],
    [
      43.70644877834555,
      7.269919911133603
    ],
    [
      43.70644877834555,
      7.269919911133603
    ],
    [
      43.70343,
      7.26627
    ]
  ],
  "segments": [
    {
      "start_m": 0.0,
      "end_m": 988.5,
      "grade_rad": 0.00048,
      "segment_type": 0,
      "traffic_density": 0.188,
      "start_latlon": [
        43.5509,
        7.01054
      ],
      "end_latlon": [
        43.5538937352726,
        7.006106264727396
      ]
    },
    {
      "start_m": 988.5,
      "end_m": 1977.01,
      "grade_rad": 0.03597,
      "segment_type": 0,
      "traffic_density": 0.0,
      "start_latlon": [
        43.5538937352726,
        7.006106264727396
      ],
      "end_latlon": [
        43.56113958965422,
        7.00116628566902
      ]
    },
    {
      "start_m": 1977.01,
      "end_m": 2965.51,
      "grade_rad": 0.01839,
      "segment_type": 0,
      "traffic_density": 0.0,
      "start_latlon": [
        43.56113958965422,
        7.00116628566902
      ],
      "end_latlon": [
        43.56812387196778,
        6.996226779135576
      ]
    },
    {
      "start_m": 2965.51,
      "end_m": 3954.02,
      "grade_rad": 0.01092,
      "segment_type": 0,
      "traffic_density": 0.0,
      "start_latlon": [
        43.56812387196778,
        6.996226779135576
      ],
      "end_latlon": [
        43.576293981288416,
        6.998069467254725
      ]
    },
    {
      "start_m": 3954.02,
      "end_m": 4942.52,
      "grade_rad": 0.01214,
      "segment_type": 0,
      "traffic_density": 0.226,
      "start_latlon": [
        43.576293981288416,
        6.998069467254725
      ],
      "end_latlon": [
        43.57992970935711,
        7.004819102798034
      ]
    },
    {
      "start_m": 4942.52,
      "end_m": 5931.02,
      "grade_rad": 0.02263,
      "segment_type": 0,
      "traffic_density": 0.226,
      "start_latlon": [
        43.57992970935711,
        7.004819102798034
      ],
      "end_latlon": [
        43.58541874375157,
        7.007281727341597
      ]
    },
    {
      "start_m": 5931.02,
      "end_m": 6919.53,
      "grade_rad": 0.04345,
      "segment_type": 2,
      "traffic_density": 0.0,
      "start_latlon": [
        43.58541874375157,
        7.007281727341597
      ],
      "end_latlon": [
        43.58151285791675,
        7.016642874168498
      ]
    },
    {
      "start_m": 6919.53,
      "end_m": 7908.03,
      "grade_rad": 0.03483,
      "segment_type": 2,
      "traffic_density": 0.0,
      "start_latlon": [
        43.58151285791675,
        7.016642874168498
      ],
      "end_latlon": [
        43.585278053614275,
        7.027735100458482
      ]
    },
    {
      "start_m": 7908.03,
      "end_m": 8896.53,
      "grade_rad": -0.03812,
      "segment_type": 2,
      "traffic_density": 0.0,
      "start_latlon": [
        43.585278053614275,
        7.027735100458482
      ],
      "end_latlon": [
        43.59141431425237,
        7.036437007524777
      ]
    },
    {
      "start_m": 8896.53,
      "end_m": 9885.04,
      "grade_rad": -0.00921,
      "segment_type": 2,
      "traffic_density": 0.0,
      "start_latlon": [
        43.59141431425237,
        7.036437007524777
      ],