route_cache,policy,total_fuel_g,total_co2_g,total_energy_kwh_per_km,dod_cycle_count,soc_rmse,distance_km,steps
gps/cache/sample_phase0_route.json,ppo,12.36286678393698,38.901820813455025,0.22284428638697132,2.0,0.03193733819461294,1.3003791838533065,1121.0
gps/cache/sample_phase0_route.json,rule,11.908927917596346,37.4734265140365,0.21974910445925255,2.0,0.03398266596686946,1.2994848678125368,1121.0
gps/cache/sample_phase0_route.json,normal,12.36286678393698,38.901820813455025,0.22284428638697132,2.0,0.03193733819461294,1.3003791838533065,1121.0
