{
  "dt": 0.1,
  "episodes_per_route": 1,
  "model_path": "models/best_model.zip",
  "routes": [
    {
      "comparisons": {
        "ppo_vs_normal_co2_savings_pct": 0.0,
        "ppo_vs_normal_energy_savings_pct": 0.0,
        "ppo_vs_normal_fuel_savings_pct": 0.0,
        "ppo_vs_rule_co2_savings_pct": -3.8117525732094224,
        "ppo_vs_rule_fuel_savings_pct": -3.811752573209421
      },
      "policies": {
        "normal": {
          "distance_km": 1.3003791838533065,
          "dod_cycle_count": 2.0,
          "episodes": 1,
          "mode_histogram": {
            "NORMAL": 1121
          },
          "policy": "normal",
          "route_cache": "gps/cache/sample_phase0_route.json",
          "soc_final": 0.547642105922635,
          "soc_initial": 0.6000543588885264,
          "soc_rmse": 0.03193733819461294,
          "steps": 1121.0,
          "total_co2_g": 38.901820813455025,
          "total_energy_kwh_per_km": 0.22284428638697132,
          "total_fuel_g": 12.36286678393698,
          "total_reward": -2737.6085526020884
        },
        "ppo": {
          "distance_km": 1.3003791838533065,
          "dod_cycle_count": 2.0,
          "episodes": 1,
          "mode_histogram": {
            "NORMAL": 1121
          },
          "policy": "ppo",
          "route_cache": "gps/cache/sample_phase0_route.json",
          "soc_final": 0.547642105922635,
          "soc_initial": 0.6000543588885264,
          "soc_rmse": 0.03193733819461294,
          "steps": 1121.0,
          "total_co2_g": 38.901820813455025,
          "total_energy_kwh_per_km": 0.22284428638697132,
          "total_fuel_g": 12.36286678393698,
          "total_reward": -2737.6085526020884
        },
        "rule": {
          "distance_km": 1.2994848678125368,
          "dod_cycle_count": 2.0,
          "episodes": 1,
          "mode_histogram": {
            "ECO": 11,
            "EV": 4,
            "NORMAL": 905,
            "PWR": 201
          },
          "policy": "rule",
          "route_cache": "gps/cache/sample_phase0_route.json",
          "soc_final": 0.5455700760548909,
          "soc_initial": 0.5993084276997805,
          "soc_rmse": 0.03398266596686946,
          "steps": 1121.0,
          "total_co2_g": 37.4734265140365,
          "total_energy_kwh_per_km": 0.21974910445925255,
          "total_fuel_g": 11.908927917596346,
          "total_reward": -2736.161142052151
        }
      },
      "route_cache": "gps/cache/sample_phase0_route.json"
    }
  ]
}
